Battery Power* [uW] (Delta),Battery Power* [uW] (Raw)
215533.11014414416,451781.17522522516
