Battery Power* [uW] (Delta),Battery Power* [uW] (Raw)
220936.34944144147,421690.09099099104
