Battery Power* [uW] (Delta),Battery Power* [uW] (Raw)
113193.31554539152,259429.53654608456
