Battery Power* [uW] (Delta),Battery Power* [uW] (Raw)
207278.60095305834,460755.25131009956
