Battery Power* [uW] (Delta),Battery Power* [uW] (Raw)
103068.25255855855,247159.16814414412
