Battery Power* [uW] (Delta),Battery Power* [uW] (Raw)
294641.95745945943,481087.17765765777
