Battery Power* [uW] (Delta),Battery Power* [uW] (Raw)
154772.05233148215,282915.69399654446
