Battery Power* [uW] (Delta),Battery Power* [uW] (Raw)
184818.80394736846,402809.98012091045
