Battery Power* [uW] (Delta),Battery Power* [uW] (Raw)
118937.13441589537,262573.95487967413
