Battery Power* [uW] (Delta),Battery Power* [uW] (Raw)
2094585.9821038407,2532599.8071740163
