Battery Power* [uW] (Delta),Battery Power* [uW] (Raw)
111911.78506306306,267598.26109909907
