Battery Power* [uW] (Delta),Battery Power* [uW] (Raw)
103224.34324324325,235013.68918918917
