Battery Power* [uW] (Delta),Battery Power* [uW] (Raw)
176221.09324324326,418008.10945945943
