Battery Power* [uW] (Delta),Battery Power* [uW] (Raw)
111353.94796396396,254461.78565765763
