Battery Power* [uW] (Delta),Battery Power* [uW] (Raw)
249972.71081081085,433686.86486486485
