Battery Power* [uW] (Delta),Battery Power* [uW] (Raw)
278345.00871002296,496135.76551673526
