Battery Power* [uW] (Delta),Battery Power* [uW] (Raw)
1104951.7786045335,1773355.3297373285
