Battery Power* [uW] (Delta),Battery Power* [uW] (Raw)
105410.67915315313,247455.35290090094
