Battery Power* [uW] (Delta),Battery Power* [uW] (Raw)
106262.68526451541,245354.12395995637
