Battery Power* [uW] (Delta),Battery Power* [uW] (Raw)
223048.09864864862,430193.81621621625
