Battery Power* [uW] (Delta),Battery Power* [uW] (Raw)
120605.99087399089,298550.61709371704
