Battery Power* [uW] (Delta),Battery Power* [uW] (Raw)
181341.57187387385,332943.89607207204
