Battery Power* [uW] (Delta),Battery Power* [uW] (Raw)
161031.57156756756,299328.79145945946
