Battery Power* [uW] (Delta),Battery Power* [uW] (Raw)
138079.11093693692,292812.77717117115
