Battery Power* [uW] (Delta),Battery Power* [uW] (Raw)
157820.92390990988,304605.06931531534
