Battery Power* [uW] (Delta),Battery Power* [uW] (Raw)
223987.73355563352,397309.14434889436
