Battery Power* [uW] (Delta),Battery Power* [uW] (Raw)
1899042.6804240085,2363184.5200779224
