Battery Power* [uW] (Delta),Battery Power* [uW] (Raw)
250582.15055855853,506843.10196396394
