Battery Power* [uW] (Delta),Battery Power* [uW] (Raw)
230316.80135135134,427184.39054054057
