Battery Power* [uW] (Delta),Battery Power* [uW] (Raw)
119916.32972972971,257431.36756756756
