Battery Power* [uW] (Delta),Battery Power* [uW] (Raw)
109177.26702702702,255962.29554954957
