Battery Power* [uW] (Delta),Battery Power* [uW] (Raw)
247706.53383783787,426853.44380180177
